{
  "ensemble_mae": 0.01601278573995638,
  "ensemble_rmse": 0.02287744079433237,
  "ensemble_r2": 0.997072596392731,
  "gb_mae": 0.00470798760636905,
  "gb_r2": 0.9996708950797699,
  "gb_cv_r2_mean": 0.9731428785626963,
  "gb_cv_r2_std": 0.025927417421350064,
  "rf_mae": 0.03578584842044532,
  "rf_r2": 0.9860578419855073
}